id,code,establishment_id,name
1,AG328,ACI,ACI-AG328
2,QP515,ACI,ACI-QP515
3,NA070,ACI,ACI-NA070
4,FQ013,ASI,ASI-FQ013
5,WC931,ASI,ASI-WC931
6,JG509,ASI,ASI-JG509
7,VF819,AGI,AGI-VF819
8,OJ813,AGI,AGI-OJ813
9,HL653,AYI,AYI-HL653
10,PG477,AYI,AYI-PG477
11,YD824,BFI,BFI-YD824
12,NT008,BAI,BAI-NT008
13,QY276,BAI,BAI-QY276
14,BD444,BAI,BAI-BD444
15,VE746,BWI,BWI-VE746
16,FN640,BMI,BMI-FN640
17,WE734,BMI,BMI-WE734
18,NN248,BSI,BSI-NN248
19,RC341,BSI,BSI-RC341
20,XV175,BSI,BSI-XV175
21,VO737,BLI,BLI-VO737
22,II389,BLI,BLI-II389
23,SL197,BLI,BLI-SL197
24,HV151,BXI,BXI-HV151
25,ZL169,BXI,BXI-ZL169
26,GB648,BXI,BXI-GB648
27,II151,BZI,BZI-II151
28,VK795,BZI,BZI-VK795
29,MF439,BCI,BCI-MF439
30,XB985,BCI,BCI-XB985
31,BY749,BNI,BNI-BY749
32,DV265,BNI,BNI-DV265
33,YM142,BRI,BRI-YM142
34,BK545,BRI,BRI-BK545
35,OD382,BRI,BRI-OD382
36,QW940,CFI,CFI-QW940
37,WB021,CFI,CFI-WB021
38,NS506,CWI,CWI-NS506
39,TR315,CDI,CDI-TR315
40,VW149,CDI,CDI-VW149
41,ER562,CDI,CDI-ER562
42,UO257,CLI,CLI-UO257
43,UX345,CKI,CKI-UX345
44,QW783,DAI,DAI-QW783
45,GF885,DTI,DTI-GF885
46,AD490,DTI,DTI-AD490
47,HL782,DNI,DNI-HL782
48,SB968,DNI,DNI-SB968
49,KH216,DNI,DNI-KH216
50,OE706,DGI,DGI-OE706
51,WT349,DGI,DGI-WT349
52,DZ873,DWI,DWI-DZ873
53,SJ901,DWI,DWI-SJ901
54,WG797,DHI,DHI-WG797
55,WG181,DHI,DHI-WG181
56,YH694,DHI,DHI-YH694
57,WR552,DMI,DMI-WR552
58,VJ470,DMI,DMI-VJ470
59,WD990,DMI,DMI-WD990
60,XC719,ESI,ESI-XC719
61,KX386,ESI,ESI-KX386
62,MF789,ESI,ESI-MF789
63,IE953,EWI,EWI-IE953
64,NP997,EWI,EWI-NP997
65,NJ247,EYI,EYI-NJ247
66,FV728,EEI,EEI-FV728
67,MV392,EEI,EEI-MV392
68,VU017,EXI,EXI-VU017
69,YY998,FSI,FSI-YY998
70,QH591,FSI,FSI-QH591
71,HC663,FMI,FMI-HC663
72,AM346,FYI,FYI-AM346
73,VC440,FWI,FWI-VC440
74,ST966,FDI,FDI-ST966
75,JW621,FDI,FDI-JW621
76,XO857,FBI,FBI-XO857
77,CZ796,FBI,FBI-CZ796
78,HV745,FBI,FBI-HV745
79,FA574,FEI,FEI-FA574
80,OF971,FHI,FHI-OF971
81,WU997,FHI,FHI-WU997
82,MK849,FHI,FHI-MK849
83,DC035,FKI,FKI-DC035
84,NQ638,FNI,FNI-NQ638
85,KB907,GHI,GHI-KB907
86,RU001,GTI,GTI-RU001
87,PI794,GTI,GTI-PI794
88,NH458,GTI,GTI-NH458
89,VE005,GNI,GNI-VE005
90,PJ028,GNI,GNI-PJ028
91,JP895,GNI,GNI-JP895
92,ME077,GMI,GMI-ME077
93,WC201,GMI,GMI-WC201
94,RP358,HDI,HDI-RP358
95,HE041,HDI,HDI-HE041
96,HY888,HVI,HVI-HY888
97,SO551,HEI,HEI-SO551
98,BJ964,HEI,HEI-BJ964
99,OU860,HOI,HOI-OU860
100,MN323,HOI,HOI-MN323
101,CH823,HOI,HOI-CH823
102,CU027,HPI,HPI-CU027
103,LG838,HPI,HPI-LG838
104,TU915,HII,HII-TU915
105,DN980,HII,HII-DN980
106,QO183,HBI,HBI-QO183
107,EJ153,HBI,HBI-EJ153
108,GD568,HHI,HHI-GD568
109,MN178,HLI,HLI-MN178
110,WN817,HLI,HLI-WN817
111,MG023,HMI,HMI-MG023
112,CE705,HMI,HMI-CE705
113,BB264,HMI,HMI-BB264
114,PO436,HCI,HCI-PO436
115,TH424,ISI,ISI-TH424
116,OU590,ISI,ISI-OU590
117,YL990,IWI,IWI-YL990
118,BN615,KMI,KMI-BN615
119,ZY697,KVI,KVI-ZY697
120,DX608,KVI,KVI-DX608
121,AA528,LFI,LFI-AA528
122,ZM956,LEI,LEI-ZM956
123,NO833,LEI,LEI-NO833
124,IN108,LCI,LCI-IN108
125,MJ852,LWI,LWI-MJ852
126,JV241,LWI,LWI-JV241
127,PL828,LYI,LYI-PL828
128,LT004,LYI,LYI-LT004
129,NT020,LYI,LYI-NT020
130,AZ105,LII,LII-AZ105
131,DL235,LHI,LHI-DL235
132,YY392,LHI,LHI-YY392
133,VZ352,LTI,LTI-VZ352
134,VE809,LTI,LTI-VE809
135,DB334,LPI,LPI-DB334
136,FH487,LPI,LPI-FH487
137,BF119,LLI,LLI-BF119
138,WV843,LLI,LLI-WV843
139,BQ708,LLI,LLI-BQ708
140,ID418,LNI,LNI-ID418
141,KA037,LNI,LNI-KA037
142,MT725,LGI,LGI-MT725
143,KF920,MSI,MSI-KF920
144,XS963,MSI,MSI-XS963
145,BV902,MRI,MRI-BV902
146,KC945,MDI,MDI-KC945
147,KH357,MDI,MDI-KH357
148,IB112,MHI,MHI-IB112
149,CP097,NHI,NHI-CP097
150,GQ377,NHI,NHI-GQ377
151,VQ124,NHI,NHI-VQ124
152,ZW709,NSI,NSI-ZW709
153,CN259,NSI,NSI-CN259
154,MF475,NLI,NLI-MF475
155,QF139,NLI,NLI-QF139
156,VX891,NWI,NWI-VX891
157,JT809,NWI,NWI-JT809
158,ZJ847,NMI,NMI-ZJ847
159,ZB573,NMI,NMI-ZB573
160,SZ889,OWI,OWI-SZ889
161,SF387,ONI,ONI-SF387
162,RM528,ONI,ONI-RM528
163,HE321,ONI,ONI-HE321
164,TJ887,PRI,PRI-TJ887
165,OB760,PRI,PRI-OB760
166,HW432,PVI,PVI-HW432
167,QT285,PVI,PVI-QT285
168,LK877,PVI,PVI-LK877
169,TY961,PFI,PFI-TY961
170,AM948,PBI,PBI-AM948
171,CV357,PBI,PBI-CV357
172,QG053,PDI,PDI-QG053
173,NC978,PDI,PDI-NC978
174,RT852,PDI,PDI-RT852
175,FO428,UPI,UPI-FO428
176,CM868,UPI,UPI-CM868
177,KC112,UPI,UPI-KC112
178,EP443,PNI,PNI-EP443
179,ID582,PNI,PNI-ID582
180,OV546,PNI,PNI-OV546
181,OJ135,RNI,RNI-OJ135
182,WU802,RNI,RNI-WU802
183,ZU265,RNI,RNI-ZU265
184,UV033,RSI,RSI-UV033
185,AM357,RSI,RSI-AM357
186,JS571,RCI,RCI-JS571
187,OY900,RCI,RCI-OY900
188,IT041,RHI,RHI-IT041
189,JO696,SDI,SDI-JO696
190,VT180,SDI,SDI-VT180
191,NF913,SPI,SPI-NF913
192,MZ832,SPI,SPI-MZ832
193,ZA160,SPI,SPI-ZA160
194,LH664,SFI,SFI-LH664
195,LJ288,EHI,EHI-LJ288
196,FB056,EHI,EHI-FB056
197,KB903,EHI,EHI-KB903
198,HK446,SKI,SKI-HK446
199,ZQ173,SKI,SKI-ZQ173
200,WR499,SKI,SKI-WR499
201,HR592,SHI,SHI-HR592
202,ZN910,SHI,SHI-ZN910
203,PT391,STI,STI-PT391
204,AA463,STI,STI-AA463
205,OP964,STI,STI-OP964
206,MB699,SUI,SUI-MB699
207,OV668,SUI,SUI-OV668
208,CQ262,SLI,SLI-CQ262
209,LL946,SLI,SLI-LL946
210,BW612,SWI,SWI-BW612
211,TG873,SNI,SNI-TG873
212,XQ278,SNI,SNI-XQ278
213,JO343,SNI,SNI-JO343
214,OQ843,TSI,TSI-OQ843
215,QI007,TSI,TSI-QI007
216,EY708,MTI,MTI-EY708
217,ZD128,MTI,MTI-ZD128
218,YS412,VEI,VEI-YS412
219,MA551,VEI,VEI-MA551
220,QQ592,VEI,VEI-QQ592
221,KB388,TCI,TCI-KB388
222,BV282,TCI,TCI-BV282
223,XT893,UKI,UKI-XT893
224,AJ231,UKI,UKI-AJ231
225,FS009,UKI,UKI-FS009
226,LI828,WDI,WDI-LI828
227,QH622,WWI,WWI-QH622
228,WS087,WWI,WWI-WS087
229,OS558,WWI,WWI-OS558
230,VD097,WII,WII-VD097
231,TN413,WII,WII-TN413
232,EU694,WII,WII-EU694
233,YB370,WLI,WLI-YB370
234,WU747,WLI,WLI-WU747
235,QB373,WLI,WLI-QB373
236,CU758,WEI,WEI-CU758
237,CA233,WNI,WNI-CA233
238,KV276,WNI,WNI-KV276
239,TV935,WNI,WNI-TV935
240,FE612,WYI,WYI-FE612
241,HV145,WYI,WYI-HV145
242,SU218,WTI,WTI-SU218
243,GG774,WRI,WRI-GG774
244,BR196,WCI,WCI-BR196
245,LK288,WCI,WCI-LK288
246,NQ975,WHI,WHI-NQ975
247,LS517,WSI,WSI-LS517
248,JX890,WSI,WSI-JX890
249,JI015,WSI,WSI-JI015
250,GM249,WMI,WMI-GM249
251,WZ647,693103,693103-WZ647
252,FF520,693103,693103-FF520
253,BG762,696575,696575-BG762
254,DI103,701109,701109-DI103
255,VS261,701109,701109-VS261
256,RO151,703230,703230-RO151
257,JL774,703230,703230-JL774
258,HJ846,705109,705109-HJ846
259,PL624,705670,705670-PL624
260,IJ164,705670,705670-IJ164
261,FA113,706931,706931-FA113
262,LK401,714662,714662-LK401
263,CW828,714662,714662-CW828
264,UZ804,714662,714662-UZ804
265,RV179,721844,721844-RV179
266,SY439,721844,721844-SY439
267,UW558,724559,724559-UW558
268,VV572,724559,724559-VV572
269,TH364,724648,724648-TH364
270,SR259,724648,724648-SR259
271,BW262,724648,724648-BW262
272,WI821,727642,727642-WI821
273,DY976,735096,735096-DY976
274,TR868,735096,735096-TR868
275,FW549,735096,735096-FW549
276,FC859,739917,739917-FC859
277,VE900,754134,754134-VE900
278,GD227,754134,754134-GD227
279,RX736,754134,754134-RX736
280,JB992,754990,754990-JB992
281,NJ368,761287,761287-NJ368
282,HF746,770452,770452-HF746
283,CB610,776185,776185-CB610
284,GR179,778998,778998-GR179
285,TM097,778998,778998-TM097
286,LZ510,778998,778998-LZ510
287,HQ747,781940,781940-HQ747
288,XL168,781940,781940-XL168
289,EL082,781940,781940-EL082
290,QM548,795760,795760-QM548
291,IU611,796120,796120-IU611
292,EQ657,796120,796120-EQ657
293,VZ617,796120,796120-VZ617
294,LC694,AAAAA1,AAAAA1-LC694
295,ZE215,AAAAA1,AAAAA1-ZE215
296,UU716,AAAAA1,AAAAA1-UU716
297,JN230,AAAMH1,AAAMH1-JN230
298,PS588,AAAMH2,AAAMH2-PS588
299,TJ580,AAAMH2,AAAMH2-TJ580
300,RN041,AAAMH3,AAAMH3-RN041
301,MW707,AAAMH3,AAAMH3-MW707
302,EW467,AAAMH5,AAAMH5-EW467
303,LF910,AAAMH5,AAAMH5-LF910
304,VD292,ABDALE,ABDALE-VD292
305,ZY366,ABDRCT,ABDRCT-ZY366
306,FI813,ABDRMC,ABDRMC-FI813
307,DD217,ABDRMC,ABDRMC-DD217
308,WB346,ABDRMC,ABDRMC-WB346
309,RT823,ABDRYC,ABDRYC-RT823
310,RF812,ABDSUM,ABDSUM-RF812
311,NU535,ABDSUM,ABDSUM-NU535
312,DV481,ABGVMC,ABGVMC-DV481
313,NC873,ABGVMC,ABGVMC-NC873
314,RK322,ABRYCT,ABRYCT-RK322
315,LB709,ABRYCT,ABRYCT-LB709
316,HC180,ABRYCT,ABRYCT-HC180
317,VG730,ABRYMC,ABRYMC-VG730
318,PU750,ABRYMC,ABRYMC-PU750
319,DC478,ABRYYC,ABRYYC-DC478
320,AR523,ABRYYC,ABRYYC-AR523
321,AN139,ABTYMC,ABTYMC-AN139
322,FA247,ABWLEY,ABWLEY-FA247
323,JS133,ACCRCT,ACCRCT-JS133
324,QF475,ACCRMC,ACCRMC-QF475
325,QM221,ACCRYC,ACCRYC-QM221
326,WC162,ACCRYC,ACCRYC-WC162
327,BS849,ACTNCC,ACTNCC-BS849
328,OS317,ACTNCC,ACTNCC-OS317
329,ZN373,ACTNMC,ACTNMC-ZN373
330,NQ623,ACTNYC,ACTNYC-NQ623
331,UI476,ACTNYC,ACTNYC-UI476
332,GR812,ACTNYC,ACTNYC-GR812
333,UA439,AKI,AKI-UA439
334,NG540,AKI,AKI-NG540
335,YI478,AKI,AKI-YI478
336,PJ321,ALDRCT,ALDRCT-PJ321
337,WF110,ALDRCT,ALDRCT-WF110
338,WX499,ALDRCT,ALDRCT-WX499
339,PM866,ALDRMC,ALDRMC-PM866
340,JB025,ALDRMC,ALDRMC-JB025
341,JJ337,ALDRMC,ALDRMC-JJ337
342,MP178,ALI,ALI-MP178
343,HQ185,ALI,ALI-HQ185
344,QR368,ALI,ALI-QR368
345,DR715,ALLSHF,ALLSHF-DR715
346,DI549,ALNWMC,ALNWMC-DI549
347,ZG411,ALNWMC,ALNWMC-ZG411
348,IP955,ALNWYC,ALNWYC-IP955
349,QH784,ALNWYC,ALNWYC-QH784
350,JO107,ALPHA,ALPHA-JO107
351,PM269,ALPHHO,ALPHHO-PM269
352,JU282,ALPHHO,ALPHHO-JU282
353,FL428,ALTNMC,ALTNMC-FL428
354,CA332,ALTNMC,ALTNMC-CA332
355,TH936,ALTNMC,ALTNMC-TH936
356,HR087,ALTNYC,ALTNYC-HR087
357,MM942,ALTRCT,ALTRCT-MM942
358,MZ819,AMERCC,AMERCC-MZ819
359,SO831,AMERCC,AMERCC-SO831
360,KL237,AMERCC,AMERCC-KL237
361,KU963,AMERSH,AMERSH-KU963
362,ZD472,AMERSH,AMERSH-ZD472
363,DR468,AMERSH,AMERSH-DR468
364,HT994,AMMNMC,AMMNMC-HT994
365,BQ529,AMMNYC,AMMNYC-BQ529
366,RX985,AMMNYC,AMMNYC-RX985
367,CV699,AMRSMC,AMRSMC-CV699
368,II393,AMRSMC,AMRSMC-II393
369,LH498,AMRSYC,AMRSYC-LH498
370,RG726,ANDVMC,ANDVMC-RG726
371,US253,ANDVMC,ANDVMC-US253
372,HR381,ANDVYC,ANDVYC-HR381
373,IU085,ANI,ANI-IU085
374,HR202,ANI,ANI-HR202
375,AB635,ANTCC1,ANTCC1-AB635
376,EX229,ANTCC1,ANTCC1-EX229
377,LR466,ANTCC1,ANTCC1-LR466
378,DI917,ANTMC1,ANTMC1-DI917
379,QW546,ARDEN,ARDEN-QW546
380,NR519,ARNOLD,ARNOLD-NR519
381,AP684,ARNOLD,ARNOLD-AP684
382,ZD600,ASHEHO,ASHEHO-ZD600
383,NG690,ASHEHO,ASHEHO-NG690
384,MA085,ASHEHO,ASHEHO-MA085
385,FE332,ASHFCT,ASHFCT-FE332
386,SW458,ASHFCT,ASHFCT-SW458
387,KL124,ASHFCT,ASHFCT-KL124
388,RF108,ASHFMC,ASHFMC-RF108
389,ZQ242,ASHFMC,ASHFMC-ZQ242
390,CF087,ASHFMC,ASHFMC-CF087
391,MJ410,ASHTMC,ASHTMC-MJ410
392,NA620,ASHTMC,ASHTMC-NA620
393,YH436,ASHTYC,ASHTYC-YH436
394,PT404,ASHTYC,ASHTYC-PT404
395,YR763,ASHTYC,ASHTYC-YR763
396,FH479,ASHWTH,ASHWTH-FH479
397,UV322,ASHWTH,ASHWTH-UV322
398,AK148,ASHWTH,ASHWTH-AK148
399,LS568,ASP001,ASP001-LS568
400,VP449,ASP001,ASP001-VP449
401,KA304,ASP002,ASP002-KA304
402,IY840,ASP002,ASP002-IY840
403,XJ538,ASP002,ASP002-XJ538
404,DX423,ASP003,ASP003-DX423
405,YV458,ASP003,ASP003-YV458
406,QP133,ASP004,ASP004-QP133
407,NI006,ASP004,ASP004-NI006
408,ZY786,ASP005,ASP005-ZY786
409,DM993,ASP005,ASP005-DM993
410,HV403,ASP006,ASP006-HV403
411,FY873,ASP007,ASP007-FY873
412,QC609,ASP007,ASP007-QC609
413,EC627,ASP007,ASP007-EC627
414,KP310,ASP008,ASP008-KP310
415,YS481,ASP008,ASP008-YS481
416,SG800,ASP008,ASP008-SG800
417,WY230,ASP009,ASP009-WY230
418,BW973,ASP010,ASP010-BW973
419,RP594,ASP011,ASP011-RP594
420,OX458,ASP012,ASP012-OX458
421,BA364,ASP012,ASP012-BA364
422,AO804,ASP013,ASP013-AO804
423,NE612,ASP013,ASP013-NE612
424,GB964,ASP013,ASP013-GB964
425,KG001,ASP015,ASP015-KG001
426,CK885,ASP015,ASP015-CK885
427,JT825,ASP015,ASP015-JT825
428,GY143,ASP016,ASP016-GY143
429,EK136,ASP016,ASP016-EK136
430,UR914,ASP016,ASP016-UR914
431,MF037,ASP017,ASP017-MF037
432,TR011,ASP019,ASP019-TR011
433,MF206,GLDFCC,GLDFCC-MF206
434,PC321,SNARCC,SNARCC-PC321
435,HW340,SNARCC,SNARCC-HW340
436,SD254,PLYMCC,PLYMCC-SD254
437,XA121,TRURCC,TRURCC-XA121
438,NZ325,EXETCC,EXETCC-NZ325
439,DF757,EXETCC,EXETCC-DF757
440,CL452,EXETCC,EXETCC-CL452
441,ZI222,COACD,COACD-ZI222
442,BT128,PLYMMC,PLYMMC-BT128
443,GF852,PLYMMC,PLYMMC-GF852
444,MN254,PLYMMC,PLYMMC-MN254
445,KB115,HGHBMC,HGHBMC-KB115
446,HR358,HGHBMC,HGHBMC-HR358
