id,number,firstname,lastname,living_unit_reference
1129271,G4161UF,OWEN,HART,UZ804
1175081,G7997UF,GERALDINE,LEE,DF757
1191472,G5649UF,JAY,ELLIOTT,CE705
1165841,G2068UN,FRANCIS,FRASER,CN259
1134343,G8163UN,HOWARD,PARSONS,WB021
1113808,G6963UD,ABDUL,BAILEY,BQ708
1192390,G9606UF,DIANE,CLARKE,WF110
1182375,G9541UD,LEAH,NORMAN,DX423
1191666,G7165UN,TERENCE,PUGH,WI821
1114671,G4579UN,ELEANOR,CONNOLLY,ZQ173
1171382,G1387UD,MEGAN,NICHOLSON,VQ124
1192686,G8017UN,AIMEE,MARSHALL,OB760
1176055,G9678UN,DYLAN,MARTIN,II389
1135458,G8958UN,GLEN,SINGH,BV902
1104417,G3106UD,LUKE,LEWIS,CF087
1135877,G8029UN,KATHERINE,MORRISON,KB903
1163222,G5970UN,CHARLENE,SINGH,ID418
1127968,G9639UF,KAYLEIGH,KELLY,ZY786
1180185,G8638UD,STEPHANIE,AKHTAR,MA551
1132956,G4335UF,RYAN,WHITEHEAD,PO436
1182231,G2218UF,LYNNE,GRIFFITHS,CA332
1171236,G4736UN,DAMIEN,CHANDLER,NO833
1147424,G1504UD,FRANCES,CHANDLER,WI821
1158238,G5640UD,RICKY,JONES,EL082
1188844,G8382UN,KAYLEIGH,HILTON,LZ510
1168280,G6728UN,DANIEL,HOPKINS,CF087
1142059,G2847UN,KIM,JONES,ZY697
1124614,G7725UF,PETER,JOHNSON,LG838
1154431,G5309UF,BARBARA,BURNS,HV145
1198256,G4102UF,MAUREEN,BEGUM,RX736
1198321,G1041UF,CHRISTOPHER,SCOTT,FF520
1194632,G8926UF,SHAUN,REED,XA121
1121295,G2232UD,GRAEME,KIRK,BW612
1162388,G5292UN,ASHLEY,JOHNSON,ZD600
1164568,G6194UD,MARIAN,SHAW,PI794
1112537,G6374UD,DAMIEN,EVANS,NH458
1117607,G1167UN,MARIE,HALL,ME077
1185331,G6086UN,JOHN,OSBORNE,RX736
1103816,G4035UF,SIMON,BUCKLEY,XQ278
1156747,G1378UF,PHILLIP,NORMAN,IT041
1164613,G8836UF,EDWARD,THOMAS,OS558
1117868,G9292UF,NICHOLAS,GEORGE,FH479
1130112,G6438UN,ELIZABETH,KING,NA070
1159361,G3479UD,SIAN,HOLMES,NT008
1182817,G6074UF,LESLEY,SCHOFIELD,GB964
1130868,G6693UF,CHERYL,WALTON,IY840
1176136,G9586UD,JESSICA,ROBERTS,MJ852
1177696,G9491UN,SANDRA,ALLAN,IN108
1195696,G4961UD,SHARON,MORRIS,GQ377
1113360,G7698UN,JONATHAN,HART,PJ321
1131303,G5699UN,MARC,HAMILTON,SL197
1133904,G1495UD,JOSH,ROBINSON,CA332
1164047,G2300UN,STUART,WOOD,NT008
1146613,G1824UF,MATHEW,SMITH,LH498
1190967,G9233UD,STEWART,ADAMS,FI813
1137178,G3114UD,PAIGE,LAWRENCE,FC859
1125913,G2795UN,CHERYL,SHAW,OU860
1113969,G4096UF,CONNOR,CROSS,SG800
1195209,G6873UF,EMMA,BRENNAN,NI006
1189105,G4350UN,ANTHONY,MORGAN,LF910
1193436,G6746UD,JANICE,WOODS,DI103
1106247,G1383UD,RACHAEL,GRIFFITHS,FV728
1170443,G5227UF,MARTIN,MANN,VO737
1152325,G7553UD,HILARY,REID,II151
1151996,G9199UN,GERARD,LEE,KL124
1148028,G4875UN,ANN,HARRIS,KH216
1117422,G1361UN,CLARE,SHAW,HQ747
1151658,G1053UF,NAOMI,LEWIS,IN108
1178950,G4618UF,TONY,MIDDLETON,TJ580
1165447,G5045UN,JUNE,MURPHY,FN640
1125311,G8113UF,ANTHONY,BEGUM,VW149
1124377,G1506UD,MARC,HIGGINS,TH364
1131482,G2933UN,FRANK,CARPENTER,HC663
1105179,G9727UD,SAMANTHA,SMITH,SW458
1120161,G5771UF,NATALIE,WATERS,UI476
1129795,G7726UN,TRACEY,THOMSON,TY961
1169336,G2502UN,DAWN,BOOTH,OS317
1129664,G5834UD,HOLLY,STOKES,OE706
1195721,G8358UD,EILEEN,ALEXANDER,MB699
1182439,G3518UN,LOUISE,JONES,JT825
1197275,G8560UF,CONOR,PATEL,EL082
1178507,G1395UF,STUART,DYER,GB648
1171240,G4838UF,JULIA,SULLIVAN,DI917
1150912,G2658UD,BARBARA,PALMER,AG328
1169139,G4040UD,DUNCAN,WEBSTER,MA551
1159666,G6536UN,BRIAN,ROGERS,RT852
1178714,G3324UD,CHRISTIAN,STEELE,NR519
1182442,G3500UN,SIAN,MOSS,RF108
1158465,G3901UN,MARIE,KELLY,CU027
1173292,G7947UF,RACHAEL,COOK,HV403
1173923,G1616UD,BERNARD,MISTRY,JU282
1199963,G6312UN,THOMAS,CLAYTON,HQ185
1181831,G4183UN,JAYNE,JOHNSON,YH436
1126747,G2407UF,ALISON,STONE,HR087
1191829,G7319UD,MICHELLE,KNIGHT,FC859
1165616,G7391UD,AMELIA,EDWARDS,NT008
1155485,G4649UD,RHYS,EDWARDS,LI828
1108349,G1756UF,AARON,FERGUSON,GM249
1112116,G7378UN,CHLOE,EVANS,UI476
1122337,G3714UF,GARRY,PARSONS,DI103
1157442,G7120UD,TINA,DOBSON,HW340
1178758,G1660UF,CHARLOTTE,SANDERS,LS517
1104015,G3085UD,SAMANTHA,BROWN,DX423
1142274,G3601UN,GERALD,MCKENZIE,YY392
1123606,G7337UD,PAUL,PEARCE,YD824
1184884,G9815UD,JOANNE,DAVIES,WT349
1188847,G8569UN,NICOLE,LAWRENCE,PG477
1150412,G6020UN,DONALD,WILLIAMS,MF206
1109477,G5854UN,SYLVIA,HAWKINS,AK148
1163525,G4940UD,ANGELA,CARTER,ZY366
1126927,G4322UN,DANIEL,SUTTON,FF520
1149191,G5100UF,GRAHAM,PARKINSON,FL428
1152132,G6131UN,ZOE,HANSON,NQ975
1139035,G3317UD,DAWN,CHAMBERLAIN,ID582
1191409,G5406UD,LOUIS,OWENS,HL653
1110578,G1731UD,ANDREW,CHAN,NS506
1117022,G7652UD,LYNDA,SINGH,JB025
1197011,G6068UD,MICHAEL,FROST,MZ832
1168608,G8358UD,CLARE,FRY,YL990
1121394,G7656UF,RHYS,MURRAY,DX423
1103060,G8434UF,KIMBERLEY,LEE,RF108
1167612,G2274UN,LYDIA,LAWSON,DX608
1197659,G3405UD,MANDY,DOUGLAS,OU590
1163163,G3114UF,ALBERT,CUNNINGHAM,VE809
1153828,G3390UN,ANN,SPENCER,ZJ847
1123207,G9711UD,ANN,GRIFFITHS,PT391
1132641,G7079UD,MELISSA,OBRIEN,NQ638
1175083,G9875UF,OLIVER,GIBBS,OD382
1135339,G1545UN,GAIL,RUSSELL,WC201
1197531,G4228UF,KATY,WALSH,YR763
1174481,G7071UF,LAUREN,MORGAN,DX423
1152956,G8549UN,NATALIE,KAUR,CV357
1138032,G8222UN,EDWARD,BOOTH,PM269
1110208,G7501UN,YVONNE,HOWE,NZ325
1127952,G6592UF,DONALD,HARRISON,QQ592
1144920,G3853UF,LAURA,SIMMONS,ZU265
1166752,G5469UF,LEWIS,ANDERSON,ZG411
1126222,G1769UD,ELLIOTT,NASH,EX229
1175066,G7471UD,GARETH,TYLER,ZJ847
1189685,G1234UF,DOROTHY,FLETCHER,RP358
1188650,G2111UD,JAMIE,JORDAN,NJ368
1149443,G7239UD,GAIL,JACKSON,AR523
1157764,G2023UN,GARRY,POWELL,AR523
1152699,G3124UD,JUNE,DAWSON,KL237
1180077,G6332UF,ALEXANDER,SMITH,HR358
1115473,G8793UF,JACOB,BENSON,AJ231
1166256,G6959UF,LINDSEY,KELLY,CF087
1117856,G6492UD,ALBERT,EVANS,II151
1180785,G2252UD,CRAIG,ANDREWS,DX608
1127566,G3202UD,RACHEL,COOK,JP895
1119051,G8355UD,CHARLENE,ROBINSON,XB985
1110261,G9890UF,ZOE,HAWKINS,BG762
1135374,G2611UF,KEITH,HILL,UZ804
1120553,G7043UN,NATHAN,JACKSON,ZJ847
1109014,G5419UD,WENDY,YATES,YY998
1101769,G8101UN,JASON,WARD,HR087
1157061,G9072UD,GEOFFREY,DUFFY,HW432
1121443,G2239UF,MOLLY,STEELE,JT809
1133877,G5009UF,CHLOE,RICHARDSON,OS558
1131224,G8491UF,ANNETTE,INGRAM,FO428
1130804,G5512UN,STANLEY,MILES,BV902
1142429,G7337UN,TONY,CRAWFORD,JV241
1170137,G6002UF,LINDSEY,COOPER,ZY786
1163289,G3066UF,KEVIN,MOSS,FE332
1101862,G5732UN,AMELIA,GREGORY,RM528
1171081,G8927UD,ALLAN,KNIGHT,VV572
1191015,G3474UF,DYLAN,HOWELL,MW707
1128884,G3681UD,MANDY,HENDERSON,HV403
1150183,G8452UF,DAWN,PHILLIPS,NQ975
1104177,G2287UF,CHARLOTTE,POWER,QF475
1130775,G2241UN,GREGORY,SMITH,NU535
1185968,G4298UN,CONOR,HUNT,AB635
1167614,G4307UF,ROY,ALLEN,FQ013
1163055,G9848UF,LEON,KING,VE746
1162024,G9917UN,DAMIEN,WOOD,SJ901
1159758,G1377UD,MAUREEN,ALLEN,LH498
1119433,G6323UF,JENNIFER,WALTERS,WX499
1146397,G4554UD,CHARLOTTE,AHMED,NJ247
1183776,G9328UN,JOEL,HORTON,AG328
1152639,G1282UF,GREGORY,BURGESS,QM548
1195448,G2751UD,IRENE,WHITEHEAD,AO804
1167625,G7122UN,ADRIAN,CLAYTON,AB635
1125436,G9329UD,MARC,JONES,ZW709
1177120,G6383UN,GARETH,ROBINSON,BB264
1114598,G5008UN,LEON,PARKIN,AG328
1144834,G9844UN,CLIFFORD,GALLAGHER,SU218
1146555,G7548UN,KENNETH,PUGH,TU915
1104559,G1216UD,ALBERT,HALL,HR592
1169721,G5992UD,GRAEME,THOMAS,JO696
1125199,G3802UN,DANNY,PRICE,KC945
1154496,G9165UN,SIAN,WRIGHT,QG053
1117197,G7882UF,DANIEL,HALL,AN139
1148275,G1483UN,DENISE,KELLY,CB610
1152069,G2737UF,VANESSA,MATTHEWS,SF387
1119979,G5664UN,FRANCESCA,LAWRENCE,RN041
1135980,G2646UD,ANNE,GRAY,HT994
1138317,G2536UF,BRENDA,PAYNE,BS849
1117206,G3807UD,KELLY,HEWITT,AZ105
1146208,G3266UN,CAROLE,COOKE,VZ352
1125323,G8143UN,DAMIEN,GREGORY,VS261
1127388,G1681UN,FIONA,SKINNER,QH591
1189588,G5814UD,DEBORAH,JONES,BD444
1175786,G6029UF,KAREN,HOLLAND,ER562
1154783,G9277UN,ROSEMARY,HILL,CE705
1151634,G9854UD,JAKE,JACKSON,HW432
1124610,G5187UN,JOANNA,BRIGGS,VE900
1163204,G6134UF,JENNIFER,CHAPMAN,JB992
1113552,G4050UF,MOHAMMED,MANN,NA620
1189452,G9376UF,CHARLIE,DAY,AG328
1196353,G7384UD,DIANE,CROSS,TV935
1192293,G9557UF,MARTYN,FARMER,OS317
1142712,G2204UD,ANNE,KING,JN230
1154609,G3336UN,GEOFFREY,SPENCER,AP684
1104252,G8231UN,ANN,BEGUM,GD568
1112750,G5367UD,PHILIP,ADAMS,JO343
1106654,G1943UD,BRUCE,KNOWLES,AJ231
1168280,G4160UD,SHAUN,JENNINGS,TM097
1188708,G9878UN,ZOE,FLETCHER,EU694
1192039,G7113UN,CLARE,NICHOLLS,KC945
1169446,G4229UF,PETER,BISHOP,OF971
1100464,G1314UN,CATHERINE,CARPENTER,CA233
1110533,G6639UN,ANGELA,THOMAS,AG328
1166062,G8659UF,LOUIS,MATTHEWS,RF108
1153460,G8413UD,TERRY,SHORT,NQ623
1178767,G6861UF,STEPHEN,SMART,TU915
1105584,G7077UN,BARRY,WILLIAMS,FA113
1122284,G9487UN,JODIE,JOHNSON,KL237
1124466,G9852UF,AARON,DAVIES,BV902
1121688,G6439UN,LEANNE,WILLIAMS,EY708
1173308,G1764UF,HUGH,HANSON,SL197
1179922,G7213UF,ALEXANDER,WALKER,YV458
1122098,G6762UN,IAIN,THOMPSON,BB264
1139809,G5410UD,AIMEE,BALL,KX386
1114141,G5293UD,HEATHER,PRICE,JX890
1129982,G8611UF,VICTOR,THOMPSON,PM866
1147090,G1365UN,ZOE,STEPHENSON,FC859
1172829,G7287UN,DARREN,BROOKES,DZ873
1128456,G5720UD,TIMOTHY,MCCARTHY,EJ153
1154669,G2363UN,DONNA,DAY,EW467
1167975,G5262UD,PATRICK,LEE,KH216
1163146,G3751UF,MALCOLM,DAVEY,XS963
1165950,G6478UD,PHILLIP,BLAKE,SB968
1122302,G8213UN,JASON,HALL,JT809
1147985,G8111UN,ANTONY,FRANCIS,RV179
1186769,G3853UF,PAULINE,DAVEY,ZJ847
1106878,G3747UF,JOHN,RANDALL,VU017
1182257,G8124UD,SEAN,FLETCHER,OQ843
1141334,G6723UD,ANGELA,PARKER,QF139
1111159,G8703UD,ERIC,NEWTON,BS849
1154198,G9299UF,NIGEL,CRAIG,UA439
1160685,G9650UD,JULIE,MURPHY,NU535
1110420,G1834UN,MELISSA,BLACK,TG873
1113345,G2496UF,PAIGE,MANN,UU716
1132483,G7728UD,ALEX,GLOVER,OU860
1181313,G1670UD,ASHLEY,SCOTT,UO257
1147755,G6678UN,CHARLENE,MARSDEN,MF037
1140123,G6111UF,TINA,LYONS,DC478
1183158,G1564UD,GREGORY,DAVEY,SL197
1160598,G8359UD,WAYNE,SMITH,DX608
1170868,G1255UF,FIONA,WATTS,AP684
1112743,G5263UD,MEGAN,RYAN,DI917
1130041,G6090UN,TOBY,EVANS,PG477
1106210,G1126UD,JULIA,MILES,WB021
1151585,G3315UF,DAMIAN,WILKINSON,QC609
1192993,G1233UF,KAYLEIGH,HOLLOWAY,VZ617
1161847,G5978UN,MARTIN,MOORE,BT128
1191021,G9382UD,ABDUL,JAMES,HV145
1109898,G2198UN,JOHN,THOMAS,QF475
1154858,G4458UD,CHARLOTTE,HUMPHREYS,EX229
1100157,G5501UD,RACHEL,MARTIN,NQ623
1125013,G5784UN,DIANE,PRICE,TR868
1111165,G2681UD,MEGAN,WILLIAMS,ZL169
1107905,G7308UN,KATIE,CUNNINGHAM,RP358
1170968,G5661UF,JOAN,SULLIVAN,JB025
1102196,G7562UN,JEAN,FULLER,RC341
1163372,G3088UN,MICHAEL,REED,YD824
1131113,G8053UD,GERARD,ELLIOTT,FA574
1156533,G2822UD,ANDREA,JOHNSON,QW783
1169962,G9447UD,HUGH,FRANCIS,EY708
1141618,G5513UD,DEAN,BYRNE,XL168
1184541,G2945UN,CLIFFORD,MCCARTHY,WV843
1146410,G9775UF,GEORGINA,THOMAS,XJ538
1126081,G2724UF,NICOLA,TURNER,ME077
1169965,G6916UD,CARLY,HALL,NQ638
1149256,G3370UN,ANNE,BRADY,MB699
1127811,G4123UF,KELLY,BURNS,OS558
1163041,G6310UF,CHRISTINE,JONES,RF108
1125980,G2483UF,LEANNE,KELLY,TN413
1150235,G4951UN,GRAEME,KELLY,GR179
1163076,G7350UN,JUSTIN,WHITTAKER,ZE215
1179621,G3221UD,DIANE,WARD,XB985
1139420,G6590UD,TERENCE,WILLIAMS,SR259
1123385,G1978UF,MAURICE,JACKSON,ZD128
1105580,G6005UN,COLIN,GOODWIN,DX423
1121184,G9384UD,AARON,MORRIS,KG001
1195238,G2746UF,JONATHAN,BUTLER,UV322
1130058,G8157UF,GEMMA,DAVIS,HQ747
1195760,G5663UF,MARTYN,HOLT,IE953
1193989,G1803UN,KATHRYN,REYNOLDS,MN178
1121577,G2685UN,LYDIA,GRAHAM,QB373
1168001,G5483UD,CAROLINE,MILLER,VO737
1158163,G4693UD,BETHAN,THOMAS,QW546
1106676,G4022UF,GEMMA,BANKS,OJ135
1163350,G3040UD,ELLIOTT,SMITH,PG477
1132412,G2142UF,DENIS,THOMAS,NU535
1102659,G9668UD,BEVERLEY,MAY,JJ337
1171625,G2110UN,HUGH,WILKINSON,LG838
1178245,G2787UN,KATHLEEN,FLETCHER,RP594
1149549,G3420UN,GLEN,WARD,RF108
1168015,G4148UN,JUSTIN,WOOD,FA113
1183815,G6506UF,BRYAN,BEGUM,VD292
1127114,G2311UF,VINCENT,DAVIES,QM548
1118666,G3667UF,JADE,WILKINSON,MF439
1114082,G7210UF,TRACY,GRIFFITHS,JB992
1130319,G6147UD,ROSS,HARRIS,AA528
1168987,G8632UN,SALLY,LEE,NP997
1112616,G2027UF,CHARLOTTE,LAWRENCE,TH364
1196062,G2470UF,CAROLE,BEGUM,HK446
1185304,G1341UD,GREGORY,WILKINSON,PL828
1196746,G4766UN,KENNETH,BUTLER,DB334
1124826,G6083UN,LEON,BURGESS,WY230
1142151,G5546UF,SHANE,CHARLTON,FV728
1121804,G6962UD,DOROTHY,IQBAL,HT994
1132619,G1811UF,GEORGE,COOPER,ZE215
1186562,G3409UF,MANDY,HURST,TJ580
1192113,G2320UN,LYNNE,DAVIES,MJ410
1126853,G5104UD,TREVOR,ROGERS,CA233
1179643,G9061UN,NATASHA,MATTHEWS,ZY786
1102908,G8094UF,ELLIE,DAVIES,XJ538
1171983,G6891UF,CLARE,KAY,JI015
1194627,G5875UN,GREGORY,JOHNSON,GG774
1113558,G5032UF,JAKE,RICHARDS,EK136
1180671,G1989UF,YVONNE,HUNTER,FW549
1119938,G5935UD,EMILY,BATES,UO257
1143577,G5780UF,SAMANTHA,SIMPSON,CQ262
1164784,G5943UD,KIERAN,DAVIS,WC931
1149346,G5547UF,JOSEPHINE,HUGHES,FQ013
1114717,G3423UF,CHARLOTTE,WILSON,FL428
1159548,G8640UN,GEMMA,PATEL,NJ368
1109087,G1723UN,CONNOR,MORRIS,LF910
1192609,G5048UD,CLIVE,GLOVER,UZ804
1157741,G5962UN,CLIFFORD,JAMES,XS963
1111407,G2414UD,BRENDA,BUTLER,HK446
1114133,G5077UD,KIM,WRIGHT,WY230
1182064,G8968UD,GEORGIA,JONES,YL990
1122161,G6739UD,JOYCE,THOMAS,RO151
1116138,G6556UN,BRUCE,SAUNDERS,VQ124
1182421,G5565UD,GLEN,MIDDLETON,LS517
1140360,G9691UD,RAYMOND,CRAIG,WF110
1161252,G3666UF,GEORGE,ABBOTT,KA037
1119015,G9541UF,CHRISTINE,SMITH,OF971
1198966,G1777UF,MARGARET,SMITH,NQ638
1100644,G6632UN,RACHEL,HARDING,JO343
1116499,G1585UN,ELLIOTT,KENNEDY,DC035
1173505,G1911UN,MANDY,MURRAY,QM221
1126375,G1841UN,MELANIE,CHANDLER,WC931
1167098,G5566UD,NORMAN,WOOD,II389
1184871,G9732UN,JEFFREY,JONES,EJ153
1135375,G5655UD,JOYCE,TODD,TU915
1153189,G4573UF,DEBRA,PARKER,QB373
1181693,G6983UD,BETHANY,CLARKE,PU750
1143584,G1500UF,ROGER,DODD,LC694
1123491,G3365UD,TIMOTHY,FORSTER,JB992
1130684,G4986UF,CHRISTOPHER,WALTERS,ZN373
1144724,G4188UN,CHARLIE,PAGE,DX423
1179211,G4321UF,DANIELLE,DAWSON,VD292
1164565,G4577UD,COLIN,PRICE,YI478
1155342,G8530UN,ADRIAN,EVANS,WB346
1119385,G7561UD,BARBARA,DAVIES,DC035
1116518,G6936UD,LEE,THOMAS,VQ124
1160034,G2329UD,ANTONY,FERGUSON,WS087
1174517,G6373UD,CONNOR,EDWARDS,DN980
1128204,G3390UF,DOUGLAS,HOLMES,JT809
1116337,G5100UN,ZOE,FRANCIS,KV276
1106306,G7637UF,LEAH,ELLIS,NE612
1195992,G9478UD,DONNA,NEWMAN,CE705
1177197,G8942UN,DENIS,HILL,EX229
1122437,G5273UN,VICTORIA,SMITH,ZY697
1142098,G2348UN,FIONA,HARPER,YL990
1194300,G9862UN,SOPHIE,WONG,AK148
1162466,G6239UN,JENNIFER,JAMES,EX229
1150197,G4954UF,RUSSELL,HARRIS,WD990
1183044,G7172UD,MARIAN,SYKES,VD097
1138617,G6479UN,PATRICK,CLARK,VS261
1170054,G8482UN,RUTH,SANDERSON,FN640
1153682,G3165UD,ROSS,WHITE,PO436
1178344,G2159UD,DEBORAH,WALKER,LK401
1129924,G8639UF,RONALD,RUSSELL,HW432
1164641,G8953UF,BRANDON,WALKER,MM942
1161782,G3820UD,PATRICK,REYNOLDS,OQ843
1137044,G4147UN,ANTONY,BARNETT,YH436
1193256,G7278UN,LEON,JOHNSON,UA439
1167402,G2106UF,BERNARD,WARD,TJ580
1123477,G6743UN,DANIEL,HAMILTON,AG328
1149057,G2348UN,JEREMY,SMITH,JP895
1148806,G6351UD,EILEEN,PAGE,XV175
1192380,G4710UD,GRAEME,DICKINSON,IB112
1168317,G8119UD,PATRICK,OLIVER,KB907
1117580,G1338UD,JULIA,BALL,JI015
1112247,G1276UF,JOSH,CHAMBERS,PL624
1122599,G8168UD,GEORGE,DEAN,LG838
1174708,G3099UF,JOANNA,HORTON,GY143
1182307,G7353UN,CHERYL,BATES,HV145
1101444,G1633UF,ANNA,GRAY,TH424
1114505,G5861UN,LESLIE,MATTHEWS,ZJ847
1138453,G4681UN,ALEXANDRA,RICHARDS,WC201
1118985,G5054UF,NORMAN,WILLIAMS,MF037
1103467,G9784UD,CAROLE,REYNOLDS,ZU265
1143784,G9603UN,HARRY,WHITE,WU747
1100700,G3638UN,ALLAN,WALKER,CA332
1116387,G6555UN,PAULINE,JONES,QH784
1151498,G5024UF,SIMON,COX,KU963
1104424,G4033UF,JOYCE,METCALFE,AA528
1106495,G4620UF,MATTHEW,LEE,VF819
1107842,G3092UD,DALE,MORAN,DY976
1146287,G4937UN,BETHAN,GREEN,DY976
1164187,G4271UD,ALICE,MORRIS,VT180
1166912,G7958UF,BRADLEY,PALMER,IP955
1148162,G5987UN,JOAN,HUNTER,QF139
1150251,G8484UN,WENDY,SIMPSON,GR179
1125882,G7411UN,DANIEL,PRICE,HW340
1193373,G9648UN,ELEANOR,HICKS,FF520
1138692,G9857UN,MARTIN,KNIGHT,FH487
1109466,G6439UN,NICHOLAS,GREEN,IT041
1171068,G2184UD,PHILIP,ROBINSON,TM097
1158436,G6250UD,MELANIE,SLATER,VE746
1124100,G2625UF,JUNE,CUNNINGHAM,RO151
1170448,G2335UF,CATHERINE,COOKE,NC978
1188811,G1021UD,DEREK,QUINN,JX890
1174794,G5676UF,DEBORAH,REEVES,JS133
1183768,G3396UF,PATRICIA,DAY,VZ352
1131717,G6930UD,PAULA,LOWE,BW612
1120539,G4390UD,VALERIE,SMITH,DL235
1153133,G9153UD,KATHERINE,PATEL,WU802
1175657,G5016UN,ANNE,WALKER,DY976
1132335,G5003UN,KERRY,SAVAGE,NC873
1199951,G6871UF,DONALD,BALL,ZW709
1142828,G7833UD,GARY,SMITH,XB985
1154771,G7956UD,RICKY,VAUGHAN,WE734
1109157,G9466UF,STEWART,WILLIAMS,QT285
1194806,G5844UN,HOLLIE,EDWARDS,CK885
1105028,G5450UF,TERESA,HOLMES,JS571
1106281,G4375UD,ROBIN,GOODWIN,RF812
1112572,G4845UF,ASHLEIGH,DAVIS,DC478
1128805,G8513UD,GERALDINE,SWIFT,DR468
1126178,G5474UD,NATASHA,GREEN,QF475
1126625,G3099UD,ALEX,HALL,RX985
1185826,G8823UF,MARIA,HAYES,GB648
1113064,G5834UD,LESLEY,SCHOFIELD,QG053
1144365,G4190UF,BEVERLEY,ELLIOTT,MB699
1156922,G9645UF,KATHRYN,REYNOLDS,XJ538
1137064,G3315UF,PHILLIP,DAVIDSON,LT004
1163608,G7936UF,PAULA,STEVENSON,ID418
1110816,G1997UF,GEORGE,WALLIS,WG181
1190944,G7317UD,MOHAMED,COOPER,ZM956
1116519,G3947UN,TRACY,WHITE,TM097
1108853,G5463UD,ROBIN,MILES,HY888
1171967,G9889UD,NEIL,NOLAN,FY873
1171789,G8901UN,DAMIAN,JAMES,AA528
1142323,G5476UF,ROSS,SMITH,DV481
1160614,G7568UD,JOAN,WHITE,NP997
1197528,G2333UN,MARIA,ROWLEY,WX499
1190298,G9560UN,JOHN,ROBERTS,GF852
1108733,G8405UN,ADRIAN,RUSSELL,SL197
1166924,G2127UF,TRACEY,ANDREWS,JG509
1136496,G7583UD,GLEN,OSBORNE,UU716
1102158,G6180UD,RUSSELL,SMITH,LB709
1128285,G9275UD,SALLY,MORGAN,MA551
1190273,G4336UF,TINA,RILEY,BD444
1161478,G7303UN,CHERYL,JOHNSON,AP684
1150698,G9226UF,CARL,TURNER,KC112
1117870,G1111UD,WAYNE,COOKE,NO833
1135689,G7332UN,VINCENT,BROWN,ID418
1134033,G9308UD,MELISSA,POWELL,XC719
1190342,G1825UF,LEAH,ALI,NA070
1131173,G7100UD,TONY,WILLIAMS,ZW709
1119575,G9325UN,RACHAEL,JOHNSON,QR368
1183007,G1908UF,YVONNE,WELCH,KB903
1186569,G1966UF,LESLIE,KENNEDY,QO183
1166396,G6958UN,JONATHAN,ROBINSON,HF746
1181027,G8882UN,DOMINIC,ODONNELL,ZJ847
1119000,G3509UF,MARTIN,JONES,QO183
1175372,G9783UD,CLIVE,KIRBY,CK885
1188211,G7302UD,DANNY,EDWARDS,VD097
1149294,G5900UD,GEORGIA,ALEXANDER,KA304
1119104,G4515UN,IAN,LEE,KB907
1147497,G8026UF,GERARD,SMITH,AD490
1107116,G7725UF,RUSSELL,BARTLETT,LR466
1108602,G7112UN,HOLLY,WHITE,JN230
1186356,G5585UF,DOROTHY,COX,SB968
1126941,G6779UD,SOPHIE,COOPER,HR087
1185977,G7899UN,TRACEY,HARVEY,MG023
1193790,G9404UD,AMY,LEWIS,VZ617
1169121,G5879UF,DENISE,TURNER,YH694
1175597,G7766UN,CHLOE,SCOTT,QH591
1123445,G8495UN,PATRICK,SMITH,AP684
1104171,G1491UN,LYDIA,MORRISON,QP515
1161596,G9964UD,FRANK,MANNING,XC719
1148364,G7025UF,LESLIE,WATTS,SZ889
1144471,G3677UN,PETER,CAREY,PL624
1141314,G1079UN,LESLEY,DAWSON,BN615
1147335,G6040UD,PETER,MIDDLETON,MV392
1166014,G1490UD,JENNA,KAUR,IE953
1192554,G7251UN,PETER,ROBERTS,MF206
1144279,G2160UF,GEOFFREY,OSBORNE,II393
1178455,G8849UF,MARILYN,LEWIS,UU716
1156299,G5845UF,JACK,OCONNOR,JO343
1114199,G5379UF,MARCUS,STEPHENSON,YV458
1115863,G7834UF,TERENCE,LYNCH,NQ975
1115859,G7621UN,STEWART,ROSE,AA528
1149074,G3899UF,BRADLEY,JONES,OU590
1102597,G1882UD,GREGORY,ROGERS,MW707
1192539,G7046UN,ANNE,MITCHELL,NQ623
1168727,G9159UD,JULIA,HENDERSON,BS849
1122015,G2165UF,MAUREEN,SMITH,BW612
1122703,G9945UN,BETH,BURROWS,PO436
1100887,G5699UF,ALICE,COLLINS,GB648
1185949,G1088UN,GAVIN,THOMPSON,NG690
1158185,G2660UN,JOSEPH,OCONNOR,PT404
1143270,G6347UN,DAMIEN,BROWN,KV276
1194784,G9068UN,JACQUELINE,MORGAN,ZG411
1113555,G6307UD,GILLIAN,WARNER,OV668
1132456,G5423UN,PHILLIP,TAYLOR,BW262
1148989,G7695UN,PAIGE,THOMAS,GY143
1130359,G4877UF,JOAN,HIGGINS,LG838
1107809,G1832UD,RACHAEL,PARKER,KH357
1149919,G3382UF,SHANE,WALL,QG053
1106629,G5681UD,LAUREN,BURKE,FN640
1177073,G3755UD,NICHOLAS,BIRCH,ZW709
1192215,G3575UD,ALEXANDRA,EVANS,GF885
1109632,G4135UN,ROSEMARY,SCOTT,SL197
1149572,G2564UN,JOYCE,GODDARD,RT823
1101244,G7943UN,EDWARD,JENKINS,DM993
1189552,G1157UN,DANIELLE,PARSONS,BB264
1114118,G6147UN,NATHAN,HARRIS,LJ288
1170595,G4918UF,ERIC,GREEN,ST966
1112983,G7622UN,FRANCES,KING,RV179
1160062,G8596UN,LUCY,EVANS,MA551
1183205,G7913UF,DAWN,COOPER,IU611
1155520,G7382UF,CAROLINE,CLARK,YS481
1106723,G1692UF,GREGORY,WELCH,CE705
1120392,G3255UF,ANNETTE,WOODWARD,CA332
1146259,G7742UD,JULIE,STEWART,OE706
1185295,G9555UD,JUSTIN,WHEELER,KA037
1125887,G9288UD,CAROL,MARTIN,RT823
1166991,G5458UD,MARGARET,HUGHES,EP443
1125983,G8036UF,TERRY,WILLIAMSON,CA332
1192762,G5207UF,KIERAN,ATKINSON,EY708
1129108,G4364UN,VANESSA,WEST,BA364
1190307,G4493UF,TOBY,INGRAM,VE809
1179203,G9799UN,NATHAN,DODD,NZ325
1183188,G4451UN,KATHLEEN,POTTS,GD568
1146880,G5702UN,BARRY,DAVIS,TR868
1122959,G8806UN,JONATHAN,DAVIDSON,AA463
1197562,G8770UD,RONALD,FARRELL,RO151
1199773,G5608UN,JOSHUA,HOLLAND,WN817
1114655,G7052UN,CALLUM,CLARK,CU027
1167054,G7948UN,MARION,SINGH,DF757
1152146,G9186UD,CARLY,MANN,WC201
1189126,G6269UD,DOMINIC,PATEL,HY888
1160914,G8594UN,OLIVER,STEVENS,JW621
1171261,G7538UF,TERESA,REED,MF206
1164680,G9381UD,LAUREN,SHORT,BS849
1104372,G3406UD,MATTHEW,COOPER,AJ231
1185137,G4200UD,LAWRENCE,HARPER,DV265
1104954,G2260UD,JAMES,FOX,WZ647
1186382,G2145UD,NIGEL,SMITH,SG800
1144380,G9535UD,OLIVIA,JACKSON,JW621
1178853,G7516UF,LEONARD,EVANS,OF971
1138909,G9050UF,LEON,WRIGHT,DC478
1133323,G9485UD,CARLY,ROBINSON,IJ164
1137888,G6824UD,PAULINE,GORDON,VO737
1136147,G6688UD,CHARLIE,WALTON,EL082
1136974,G5919UF,GREGORY,WHITE,YS412
1173687,G4991UD,PAIGE,BRUCE,UU716
1199378,G9098UD,ROY,MARSHALL,GQ377
1111360,G2267UN,CAROL,WOOD,HV151
1145606,G1981UF,SIAN,WARD,QP515
1162333,G4754UF,YVONNE,PERRY,MW707
1141624,G5047UF,LAURA,PORTER,VC440
1183152,G9298UN,JULIAN,FORD,CV699
1109778,G4689UD,LEONARD,BAKER,NU535
1108628,G6709UD,JANICE,TAYLOR,VE005
1116478,G3297UF,HAZEL,THOMPSON,NA620
1161256,G9800UD,DANIELLE,MASON,ZY697
1153352,G6797UN,KATHRYN,JOHNSON,RK322
1142103,G6756UN,MARIAN,HOLT,WU747
1182503,G3779UD,ANDREA,SHEPHERD,VU017
1197534,G7692UN,JACQUELINE,DAVIDSON,II389
1143251,G1928UD,RICHARD,WALLIS,WF110
1111106,G5849UD,VICTOR,LAMBERT,HQ185
1166827,G9904UD,WAYNE,CAMPBELL,EP443
1130670,G6454UD,BRANDON,TALBOT,IU085
1120988,G2793UF,ROSS,WILSON,ZD128
1171915,G1688UF,ELAINE,HALL,UO257
1120570,G7615UF,CRAIG,HOLMES,ID582
1160492,G3661UD,ANDREW,STOKES,LS517
1101604,G6809UD,MARCUS,HARRIS,UV033
1131826,G2785UD,MOHAMED,BLAKE,BY749
1116035,G1258UF,JESSICA,BALL,NT008
1194882,G1909UN,JULIA,TAYLOR,UV322
1196797,G8276UN,HELEN,LUCAS,QB373
1144428,G5201UD,TERESA,WOODWARD,NA620
1183704,G5105UF,JOSEPHINE,STONE,VZ352
1154424,G9201UN,ELIZABETH,HOWELL,IU085
1156647,G2251UD,GRACE,ALI,AG328
1196946,G9415UD,HUGH,PEARSON,YH694
1121925,G2338UD,PAIGE,SMITH,VK795
1107033,G8543UD,NATASHA,GRAY,JB025
1115717,G5019UD,JOSHUA,MANN,NU535
1129519,G4084UF,ROBERT,YATES,ZE215
1182222,G5114UF,LAUREN,FARRELL,MA085
1172882,G8569UN,LAWRENCE,REES,ER562
1170150,G7298UN,GERALD,MCDONALD,MF037
1134064,G2899UF,CAMERON,TURNER,KG001
1165822,G2189UN,ABDUL,BAKER,DX608
1189082,G3235UD,JOHN,GLOVER,TN413
1156990,G1586UD,CHELSEA,ROBINSON,LL946
1106447,G9382UD,MARIE,DENNIS,UW558
1135519,G8337UN,ADRIAN,STEPHENS,GD227
1190809,G7345UD,ABBIE,WESTON,NQ623
1103785,G1821UF,NICOLA,AHMED,HC180
1104168,G2072UN,BARRY,PARSONS,HL653
1107415,G2350UD,FIONA,DAWSON,OS317
1136106,G2306UN,CHRISTINE,REES,BV282
1195962,G7272UF,GEOFFREY,OCONNOR,PT391
1158721,G4275UF,JILL,BAILEY,UI476
1114646,G6521UF,PHILLIP,BRIGGS,CZ796
1107777,G9496UN,LYNN,POWELL,RO151
1169428,G6268UF,JADE,HILL,VZ352
1176956,G1909UF,RITA,GRAHAM,OV546
1182889,G3302UD,TINA,DAVIES,DD217
1192949,G8262UN,LEWIS,ROBSON,ZJ847
1134806,G4897UD,JOSEPHINE,MASON,LG838
1128825,G8686UF,ARTHUR,BARBER,DR468
1155595,G3900UD,CARLY,WILLIS,DV481
1155576,G8896UD,CARLY,MCCARTHY,WU747
1135189,G3307UD,GILLIAN,THOMPSON,WU747
1176760,G9632UN,NATHAN,TOMLINSON,VQ124
1160528,G3392UD,KIERAN,EVANS,IP955
1162704,G8802UF,TRACY,PALMER,ZN373
1153985,G5367UN,LISA,WILLIAMS,LZ510
1167403,G4053UN,JOEL,MOSS,TR868
1196843,G7897UF,LINDA,BOWEN,WE734
1194778,G8546UD,HAYLEY,FORD,ZQ173
1199364,G8471UF,GARY,WILKINSON,UW558
1114051,G9953UF,MICHELLE,COLLINS,PT391
1144874,G1611UD,CRAIG,HOWARD,MK849
1128855,G1600UN,MOHAMED,WALKER,EL082
1194139,G5483UD,MALCOLM,HANSON,LH498
1153097,G8525UD,NICOLE,KHAN,DR468
1102570,G3195UN,SIMON,THOMPSON,BV282
1142674,G5722UD,LEE,DUNN,ZN373
1108142,G3060UF,JULIAN,FREEMAN,PI794
1187758,G3183UF,NATHAN,CLARK,LL946
1161620,G3629UF,ELIZABETH,PAGE,AN139
1104462,G3296UF,GRAHAM,PARKER,WU997
1118215,G9268UF,MELISSA,MANN,DZ873
1117494,G2617UD,JOE,MORRIS,NT020
1181443,G4747UF,COLIN,GARDINER,AA463
1175841,G4625UD,NICOLA,SMITH,RT852
1101240,G4535UD,CLAIRE,EVANS,NS506
1102955,G2285UF,JODIE,EVANS,QC609
1159519,G9340UD,JANET,WARD,ZQ242
1129264,G9278UN,GORDON,SHAW,OP964
1108947,G9058UN,JOSEPHINE,WILSON,EJ153
1135078,G7990UF,ANTONY,HARRIS,SZ889
1172651,G1469UN,KATHLEEN,BENNETT,NS506
1152021,G6271UD,PAIGE,COLEMAN,RX736
1102749,G4702UD,ELIZABETH,HUGHES,ZL169
1188724,G8318UF,RICHARD,BARKER,NP997
1105816,G1559UD,FRANCES,MASON,PS588
1189759,G6699UD,TRACY,ROBINSON,NS506
1170313,G6905UF,HARRIET,WELLS,PS588
1189518,G5280UD,ELLIE,STEVENS,BT128
1171948,G4292UD,MAX,JAMES,LI828
1189786,G9605UN,KAYLEIGH,SMITH,VT180
1163677,G7972UF,JOSEPHINE,PHILLIPS,NT020
1189754,G1752UD,ELIZABETH,MURRAY,VG730
1120238,G2963UD,SIAN,WOOD,EJ153
1131440,G1801UD,ASHLEY,RICHARDS,DV265
1108961,G6051UF,SARAH,GOODWIN,WT349
1180333,G1049UN,YVONNE,THOMAS,FQ013
1180029,G7007UD,JONATHAN,GILES,OS558
1166866,G8503UD,KATE,ANDERSON,HK446
1141198,G6685UN,DONNA,BAILEY,NP997
1159770,G4266UD,VANESSA,SMART,UW558
1175919,G1953UN,COLIN,LAWRENCE,QO183
1193000,G2436UF,WILLIAM,BLACK,OV546
1160155,G9719UN,DARREN,YOUNG,RT852
1144103,G5296UN,KATY,SHAW,VZ352
1131833,G5782UF,RAYMOND,FOWLER,BN615
1167628,G9069UN,OWEN,ALI,BF119
1170524,G8673UN,ZOE,WALSH,OX458
1181874,G7268UN,BRANDON,ROBINSON,AM357
1136037,G8384UF,KAREN,ALEXANDER,MW707
1163512,G4961UN,JESSICA,MORTON,KL124
1153611,G1771UN,SCOTT,EVANS,NH458
1128855,G7706UD,HOLLIE,WHITE,PL828
1104269,G6866UD,DENISE,SMITH,TR315
1183146,G2754UF,ELLIE,BLACK,HY888
1121351,G9255UN,STACEY,BELL,PC321
1124681,G2152UD,JOHN,GRIFFITHS,WY230
1102952,G3481UD,JOSEPH,CONWAY,AN139
1123236,G2307UD,NEIL,NEWTON,KP310
1155507,G2927UD,SIAN,ONEILL,PM269
1115618,G8902UD,OLIVER,TAYLOR,QO183
1106223,G8145UD,ALISON,LONG,JL774
1164906,G2752UN,ROBERT,RICHARDSON,CU758
1146516,G2833UN,ADAM,WALKER,JJ337
1122783,G1986UN,OWEN,ROBERTSON,HR592
1156172,G9280UN,ASHLEIGH,TAYLOR,ZD600
1186139,G5383UF,MEGAN,FORD,BR196
1148383,G3373UF,MANDY,PEARCE,WI821
1150260,G3850UF,JANE,WALTON,US253
1101906,G9146UD,KATHERINE,JOHNSON,CU027
1109679,G1460UN,OLIVER,MURRAY,VG730
1175489,G9171UN,PATRICK,WALLACE,WG181
1197887,G8495UD,ASHLEIGH,HARRIS,VE005
1110205,G4731UN,VINCENT,REES,II389
1193172,G5117UN,DANIEL,MORGAN,BJ964
1131468,G6918UF,HUGH,MARSHALL,ZA160
1167100,G3928UN,ASHLEY,GARNER,QM548
1149556,G9399UF,BRETT,COOKE,HQ185
1156151,G4907UN,DIANE,LORD,LS568
1137148,G6126UD,DECLAN,LAMBERT,DV481
1109423,G5031UN,PAUL,NEWMAN,OV546
1162402,G4851UN,JEAN,HARTLEY,SO831
1126395,G3760UD,CHARLES,PARKER,HV145
1129363,G1957UN,CARL,HARVEY,VS261
1186834,G5320UD,MELISSA,JONES,XL168
1192647,G8501UN,MARION,COLLINS,OU860
1187304,G2533UF,LEIGH,SMITH,UU716
1107149,G6073UF,NIGEL,RYAN,PJ028
1166735,G3834UN,BRYAN,FISHER,CE705
1103704,G3718UD,STEPHEN,EDWARDS,CH823
1191650,G8525UN,MARTIN,HUMPHREYS,QH591
1101832,G1661UF,ROY,STEVENS,DM993
1181057,G4113UD,LUCY,OCONNOR,EY708
1180051,G4514UN,JANICE,ROBINSON,QR368
1195228,G3309UF,ALICE,PAGE,OQ843
1105007,G1504UN,CAROLYN,IQBAL,WI821
1110022,G6552UD,RITA,DAVIES,HC663
1169870,G7014UD,DARREN,BIRCH,KB115
1134855,G2893UD,LUCY,ROBINSON,WG181
1193485,G2694UF,JACQUELINE,THOMPSON,DR715
1186909,G4951UD,KARL,BROWNE,RU001
1171596,G4372UF,LEE,RICHARDS,OX458
1155743,G7471UF,MARCUS,JAMES,VD292
1179679,G6403UN,LISA,SMITH,KG001
1126320,G8163UF,GERALD,MURPHY,BA364
1108072,G1616UF,GERARD,HALE,MP178
1112689,G6426UN,ABDUL,PUGH,HC180
1171263,G9459UN,MARY,GREGORY,CV699
1161654,G6230UF,MARIA,GRAY,CZ796
1156824,G4428UF,STEWART,FINCH,RM528
1195073,G5336UD,MALCOLM,MILLS,IB112
1141281,G2445UN,GAIL,ANDREWS,SY439
1153900,G9801UF,YVONNE,COLLINS,PT404
1146005,G8581UD,DANNY,BARRETT,KX386
1110553,G1723UF,BEVERLEY,MILLER,MF439
1127119,G8650UD,EMILY,THOMAS,KA304
1118116,G4859UN,SOPHIE,READ,FW549
1181242,G6279UF,LEONARD,HOLLAND,CA332
1151385,G7763UF,KATY,ALI,NC873
1173952,G5881UN,ANTHONY,SCOTT,MF037
1130460,G3910UN,SANDRA,BROWN,DN980
1151253,G7164UD,GLEN,BRADLEY,DY976
1108304,G7752UD,GARETH,BUCKLEY,KB903
1167635,G7036UD,CARLY,ROGERS,KB388
1171318,G5163UN,ROSS,RILEY,FA113
1142698,G1814UD,TIMOTHY,SMITH,WB021
1165754,G5177UD,JOE,BROOKS,NS506
1146298,G5989UD,LAWRENCE,BUTCHER,QO183
1168323,G1625UF,VINCENT,BRADLEY,VC440
1193689,G7805UD,RUTH,FISHER,FL428
1153966,G6150UN,ALEX,REES,VE900
1183461,G3394UF,HOLLIE,SULLIVAN,RU001
1191653,G4249UD,IAN,HOWELL,HW432
1131571,G3326UD,TONY,SPENCER,PT391
1127256,G7597UD,JOSEPHINE,BURTON,AP684
1124088,G7559UF,BEN,WEST,TH424
1139930,G2038UD,JAY,LEE,RT852
1125505,G5172UD,LEIGH,HAYES,ZN910
1122780,G8917UD,GARRY,WATTS,VS261
1176244,G7088UF,CHELSEA,AHMED,AO804
1116302,G2457UD,TERRY,TURNER,WG181
1187120,G1850UD,GORDON,HILL,TV935
1121554,G1774UD,DAMIAN,MIDDLETON,QC609
1117728,G9739UN,FRANK,JOHNSON,PC321
1165341,G1802UN,LEIGH,FLETCHER,BW262
1134943,G3432UF,SUSAN,SHAW,MZ832
1173890,G4172UD,ROBERT,OBRIEN,UZ804
1136746,G9926UF,DAVID,BARTLETT,MA551
1130470,G3379UD,GEORGIA,ROBERTSON,VT180
1191996,G4187UD,JACOB,SMITH,BW262
1146385,G7102UF,CAROLYN,BROWN,II393
1143193,G9954UF,BARBARA,LONG,QP515
1153044,G5726UF,DOMINIC,HARVEY,AM346
1173017,G9692UD,KEITH,COOPER,QW940
1175996,G9959UF,HELEN,MITCHELL,IY840
1176061,G9997UF,CHELSEA,GRIFFIN,LK401
1109369,G1607UF,MAX,PARSONS,NJ368
1122498,G3496UD,KATHERINE,PARSONS,XJ538
1138688,G9530UF,MEGAN,THOMAS,GY143
1105776,G3247UF,MOHAMMED,GARDINER,RF108
1137107,G4619UN,HOWARD,GRAY,RV179
1110123,G7577UF,DOMINIC,HALL,FW549
1167283,G8325UD,RUSSELL,TOWNSEND,OE706
1171533,G2715UD,DANIELLE,BENTLEY,JG509
1187312,G4778UD,KIMBERLEY,SHARP,BV902
1161206,G5063UF,BRENDA,SAUNDERS,NG540
1130013,G8612UD,OLIVER,HANCOCK,QM548
1190524,G6667UD,MARTIN,KING,HK446
1166906,G5030UN,NEIL,WILLIAMS,YS412
1124238,G2198UD,LEWIS,THOMAS,CF087
1178452,G4542UN,DOUGLAS,HUGHES,MZ832
1147605,G8565UD,LEIGH,HARDY,HR202
1198007,G5884UD,JORDAN,MARSHALL,JL774
1123970,G8848UD,GUY,COOK,PM269
1104769,G9814UD,KATHRYN,PRITCHARD,SD254
1189305,G5398UF,LAURA,PARSONS,WS087
1147195,G9816UN,MARIE,GREEN,EU694
1135808,G2287UF,FRANCES,HARPER,LC694
1144746,G5232UF,NICOLE,HOLMES,AN139
1146936,G9097UN,JOSEPH,WILKINSON,WY230
1142039,G1238UD,ANN,SMITH,TH424
1106811,G7964UD,BRYAN,PATEL,RX736
1114712,G2889UD,KEITH,ELLIOTT,XL168
1128281,G6753UF,AMY,SHAW,CB610
1154917,G9479UD,CHARLIE,WEST,XT893
1129336,G4602UF,IAN,NASH,JO107
1106080,G4460UN,LEWIS,NEWMAN,UV322
1103787,G3621UF,JEMMA,HUGHES,US253
1149418,G7296UD,DONALD,ROBERTS,AA463
1195502,G7489UD,STACEY,JOHNSON,VW149
1161258,G1877UD,SUZANNE,JONES,QT285
1143654,G8172UN,JULIE,SCHOFIELD,VD097
1132735,G2625UN,MARION,HARRISON,FY873
1146881,G4829UN,LEIGH,ALLAN,MA551
1111811,G5954UF,JOE,HOPKINS,UZ804
1176591,G6060UN,DUNCAN,JOHNSON,PJ321
1114160,G9844UN,GRAEME,DAVIES,DI917
1172470,G4993UN,LEON,PARKER,FA574
1112516,G7074UN,JAMES,CLARKE,GB964
1105298,G2217UD,GRAHAM,PERKINS,QW783
1178278,G7285UF,JEMMA,OWEN,CF087
1183190,G2118UD,SHANNON,WARD,GY143
1151680,G8838UF,JOSEPHINE,CHANDLER,QW546
1148253,G3915UN,NORMAN,JONES,WC201
1180103,G2209UF,PAMELA,PARRY,NG690
1158551,G4859UF,LESLIE,LEACH,JB992
1109169,G7896UF,PETER,GRAHAM,GF852
1195033,G7215UD,MARGARET,LYNCH,JX890
1128483,G1266UN,CLARE,HAMILTON,UV322
1115827,G8854UF,BARRY,FOSTER,KC945
1125195,G8948UF,RICKY,JORDAN,RX985
1197288,G2345UN,GEORGINA,FOSTER,OS317
1146011,G1262UF,GLEN,GREEN,HR358
1167089,G9765UN,BETHAN,GREEN,HW340
1153122,G8911UN,JEFFREY,MURPHY,WB346
1163896,G9824UN,CARLY,FORSTER,OJ135
1193776,G2985UN,CHRISTOPHER,OWEN,GQ377
1108931,G2919UN,TONY,ALI,BB264
1170360,G6440UN,MELISSA,GOULD,RF812
1113453,G3895UD,SAMUEL,KAY,UA439
1175522,G8372UF,ELAINE,COOPER,AB635
1152311,G8193UN,SYLVIA,HOWARD,DC478
1184376,G6226UF,VINCENT,WILLIAMSON,WU997
1105659,G1420UD,ANGELA,SINGH,VE005
1151845,G2985UD,CALLUM,BAXTER,NN248
1161982,G9018UN,TINA,BATES,GG774
1105634,G9377UN,STACEY,WRIGHT,BW973
1160655,G7743UN,CHRISTINE,ROGERS,RU001
1139623,G4753UD,SALLY,DAVIES,BA364
1160457,G4404UF,CLARE,ROBINSON,JU282
1153685,G7301UF,ABBIE,REID,ZW709
1154405,G3815UN,LORRAINE,KHAN,VO737
1155239,G4587UF,FIONA,PHILLIPS,WC931
1118030,G9582UD,JOHN,PRICE,IT041
1162780,G8896UN,TRACEY,WILLIAMS,GD227
1170530,G1734UF,JULIE,JONES,YY998
1117823,G7259UF,TERRY,HUMPHRIES,WI821
1131822,G1685UF,BILLY,NEWMAN,QC609
1191879,G5726UF,ELLIOTT,LANE,LK877
1102686,G6888UF,DENIS,LONG,FN640
1180122,G2446UF,JAY,BAKER,ZL169
1182415,G9025UN,LISA,JONES,JG509
1141875,G5014UN,JOANNE,LEE,BV282
1191364,G4955UD,MARION,GREGORY,JJ337
1139998,G1703UN,KEVIN,SMITH,HQ747
1133464,G7124UD,BERNARD,GREENWOOD,BY749
1192536,G5810UF,MALCOLM,CHAMBERS,AR523
1166399,G4293UF,MOHAMED,SMITH,ZB573
1173222,G4397UN,LAURA,HUGHES,MF037
1110040,G3366UN,STUART,MITCHELL,XT893
1151425,G2683UN,ELEANOR,BANKS,KP310
1160253,G9962UF,STEVEN,LEWIS,FB056
1162140,G5256UF,CONNOR,SHARP,MJ852
1182675,G3225UD,JORDAN,NEWMAN,QQ592
1144427,G2541UD,RICKY,HANSON,BF119
1149523,G2710UF,PHILLIP,WILLIAMS,FV728
1159890,G2547UN,RAYMOND,WARREN,JB025
1159747,G7833UF,BRETT,JONES,CU758
1107241,G7101UD,HAZEL,BLAKE,NA620
1127433,G6491UF,JULIAN,BURNS,MJ852
1154111,G1266UD,MARILYN,SHORT,JW621
1178538,G5628UD,ALAN,BARLOW,IT041
1126117,G2196UN,DANIEL,DUFFY,BD444
1160086,G9585UF,CAROLINE,WALKER,BQ708
1148843,G1339UF,GARRY,MARSH,OY900
1108667,G4217UF,SANDRA,BERRY,GQ377
1135740,G4592UN,GEORGE,WATSON,XC719
1111983,G8963UF,FIONA,PALMER,NT020
1111975,G9513UD,GEMMA,STEPHENSON,CU758
1174864,G9412UD,MARGARET,GREEN,ZY366
1171739,G5199UN,ALEX,OBRIEN,VU017
1165542,G8581UF,MALCOLM,BRADLEY,PU750
1173774,G7239UD,RICHARD,THOMAS,JN230
1122201,G7115UF,GERALDINE,LANE,II393
1102732,G4275UN,CONOR,SIMMONS,HR087
1115253,G4819UF,FREDERICK,REES,ZL169
1189093,G3848UN,STANLEY,HILL,KG001
1156083,G7811UF,RACHAEL,SMITH,RO151
1132476,G9597UF,RUTH,THORPE,OJ813
1192003,G6143UN,COLIN,GRIFFITHS,HT994
1199220,G3961UN,JACQUELINE,WILLIAMS,HV145
1184958,G9022UF,DARREN,JOHNSON,MF475
1178735,G9729UN,MAUREEN,STONE,ZA160
1160985,G3213UF,SYLVIA,SMITH,OX458
1110232,G8640UF,JODIE,BEVAN,CK885
1156075,G7843UN,GAVIN,HANCOCK,PC321
1171966,G7977UN,MAUREEN,THOMPSON,UV322
1157875,G3790UN,JANET,BUTLER,HR202
1140656,G9649UF,LYNN,HAWKINS,HR202
1189035,G8114UD,BERNARD,COOPER,OJ813
1129059,G6838UN,BARBARA,JENKINS,FN640
1123810,G6855UD,FRANCES,WILKINSON,JL774
1112304,G7107UN,LOUIS,BATES,JS571
1119013,G7924UN,YVONNE,WOOD,TY961
1173865,G6478UF,FRANK,BOYLE,VG730
1141300,G1834UN,SEAN,GILES,CQ262
1178121,G1153UF,JASON,BENNETT,DI549
1141858,G3569UF,MOHAMMED,CHAMBERS,FL428
1116362,G6813UD,BILLY,HARPER,QT285
1148885,G9482UD,LESLIE,HUGHES,QM548
1184905,G5477UD,SUSAN,JACKSON,NU535
1127833,G1516UN,JASON,OBRIEN,GB648
1156329,G3168UD,HENRY,ALLAN,WG181
1168049,G9210UD,LOUISE,GOUGH,TG873
1104236,G8284UD,YVONNE,POTTS,KB115
1191765,G1275UF,GARY,SMITH,CW828
1178398,G7595UF,WENDY,JARVIS,RN041
1142517,G8805UD,VANESSA,SHARPE,GG774
1144279,G7814UN,SIMON,PUGH,SL197
1150358,G6517UF,YVONNE,ANDREWS,GM249
1128323,G4178UN,GARY,GREEN,OV668
1129048,G8660UF,BERNARD,JARVIS,GD568
1125960,G6549UD,TREVOR,JAMES,OY900
1130609,G1093UF,KELLY,FORD,HC663
1129624,G2320UF,ALLAN,HARTLEY,SR259
1102179,G9572UF,BEN,WHITEHOUSE,WZ647
1149795,G9315UD,JOSHUA,WADE,WU747
1138848,G7579UF,SUSAN,HOWARD,OD382
1175466,G2302UN,MITCHELL,HUNTER,NG540
1132279,G8743UN,LEAH,ATKINSON,NQ623
1133975,G1319UF,CHARLENE,LLOYD,MK849
1142493,G5218UD,STUART,SINGH,DF757
1199106,G1888UD,MELANIE,JONES,HV145
1161727,G2803UN,FREDERICK,KAUR,WZ647
1176540,G1855UN,GARY,WOOD,RP594
1198939,G8006UN,ANGELA,WILLIAMSON,LH664
1143805,G5050UN,DALE,ASHTON,JS133
1188931,G6495UN,LEE,PATEL,YY392
1197003,G7360UF,GEORGE,MORTON,BK545
1191944,G5133UD,KATIE,BAILEY,YB370
1129491,G2726UF,ANN,RUSSELL,OS317
1186781,G4837UF,KATHLEEN,HAYWARD,XQ278
1128486,G2303UF,LIAM,COLLINS,QW940
1101424,G1984UN,DAMIEN,BENNETT,KB907
1192281,G7547UF,ROSIE,BARRY,YD824
1142296,G2371UN,JAMIE,ROGERS,TU915
1114429,G5428UN,BEN,ROWE,LS568
1147060,G2734UD,ALLAN,HAMILTON,JX890
1167518,G7437UN,HARRY,KAUR,LK401
1136181,G7018UN,MAX,HUSSAIN,LS568
1127502,G9673UF,FRANCIS,OLIVER,GR179
1137932,G4638UD,DECLAN,BROWN,NZ325
1123655,G6761UN,GERALDINE,MITCHELL,ZN373
1101262,G2263UN,LEWIS,MACDONALD,WR499
1139738,G9744UD,CAROLYN,WILKINSON,NR519
1196259,G6672UN,AMY,BAKER,SL197
1147722,G3638UD,MARK,HARRIS,US253
1183492,G9057UN,ALEXANDER,DALE,DI103
1141845,G1496UN,JOSHUA,STOKES,ZI222
1139041,G9778UF,GORDON,BENNETT,DI103
1161009,G8604UN,CAROLINE,COOPER,VO737
1107033,G5997UD,KATY,ROBERTSON,TH424
1145052,G5305UD,KATHRYN,ANDREWS,AZ105
1117367,G3115UN,VANESSA,EVANS,ZD472
